{
  "FF (baseline)": {
    "train_loss": [
      0.6081802127763744,
      0.4163553348130277,
      0.33281141222285493,
      0.2866942117662381,
      0.25333663089500974
    ],
    "val_acc": [
      0.77036,
      0.825,
      0.83768,
      0.84156,
      0.84776
    ],
    "epoch_time": [
      3.0392062664031982,
      1.4455437660217285,
      1.584937334060669,
      1.730299472808838,
      1.489365816116333
    ],
    "total_time": 10.68712830543518
  },
  "RNN": {
    "train_loss": [
      0.6960754421970728,
      0.6922776851507709,
      0.6941480761598748,
      0.6919151628413773,
      0.6878925522270105
    ],
    "val_acc": [
      0.50592,
      0.5036,
      0.512,
      0.51024,
      0.50356
    ],
    "epoch_time": [
      20.586557149887085,
      19.96232581138611,
      19.70829153060913,
      20.303659915924072,
      19.647868871688843
    ],
    "total_time": 136.56926155090332
  },
  "LSTM": {
    "train_loss": [
      0.6929019910600179,
      0.6875997167414106,
      0.674481707155857,
      0.551399039338007,
      0.41954053130448626
    ],
    "val_acc": [
      0.5126,
      0.51604,
      0.6628,
      0.76508,
      0.80388
    ],
    "epoch_time": [
      59.24761462211609,
      54.19143056869507,
      55.297298431396484,
      55.6050910949707,
      54.942577838897705
    ],
    "total_time": 375.9069561958313
  },
  "BiLSTM": {
    "train_loss": [
      0.6694603191922083,
      0.5893100267633453,
      0.4893612491200342,
      0.39267608763464273,
      0.3153060908284029
    ],
    "val_acc": [
      0.62624,
      0.71916,
      0.77668,
      0.80164,
      0.80148
    ],
    "epoch_time": [
      118.69448828697205,
      108.9881579875946,
      111.98581457138062,
      112.18291306495667,
      119.27343702316284
    ],
    "total_time": 762.1210675239563
  }
}